rsid	chr	pos	ref	alt	beta	pval
rs58120505	7	2029867	C	T	0.0896030157907481	2.235e-24
rs2238057	12	2384005	G	T	-0.0835011813049328	8.502e-22
rs1198588	1	98552832	T	A	-0.102597669168898	1.731e-21
rs4702	15	91426560	A	G	0.0843043830520302	2.794e-21
rs13107325	4	103188709	T	C	-0.158702691195321	2.9e-21
rs2710323	3	52815905	C	T	0.0784044433741818	1.229e-19
rs12129573	1	73768366	A	C	-0.0777993924544118	2.282e-18
rs4129585	8	143312933	C	A	0.0749961490364056	5.109e-18
rs778371	2	233743109	G	A	-0.0806028645320996	1.495e-17
rs11191580	10	104906211	C	T	0.13170347299691	1.772e-17
